date,decision,cumulative_savings_usd
2024-12-13,FIX NOW,0.0
2024-12-16,FIX NOW,0.0
2024-12-17,FIX NOW,0.0
2024-12-18,FIX NOW,0.0
2024-12-19,FIX NOW,0.0
2024-12-20,FIX NOW,0.0
2024-12-23,FIX NOW,0.0
2024-12-24,FIX NOW,0.0
2024-12-26,FIX NOW,0.0
2024-12-27,FIX NOW,0.0
2024-12-30,FIX NOW,0.0
2024-12-31,FIX NOW,0.0
2025-01-02,FIX NOW,0.0
2025-01-03,FIX NOW,0.0
2025-01-06,FIX NOW,0.0
2025-01-07,FIX NOW,0.0
2025-01-08,FIX NOW,0.0
2025-01-10,FIX NOW,0.0
2025-01-13,FIX NOW,0.0
2025-01-14,FIX NOW,0.0
2025-01-15,FIX NOW,0.0
2025-01-16,FIX NOW,0.0
2025-01-17,FIX NOW,0.0
2025-01-21,FIX NOW,0.0
2025-01-22,FIX NOW,0.0
2025-01-23,FIX NOW,0.0
2025-01-24,FIX NOW,0.0
2025-01-27,FIX NOW,0.0
2025-01-28,FIX NOW,0.0
2025-01-29,FIX NOW,0.0
2025-01-30,FIX NOW,0.0
2025-01-31,FIX NOW,0.0
2025-02-03,FIX NOW,0.0
2025-02-04,FIX NOW,0.0
2025-02-05,FIX NOW,0.0
2025-02-06,FIX NOW,0.0
2025-02-07,FIX NOW,0.0
2025-02-10,FIX NOW,0.0
2025-02-11,FIX NOW,0.0
2025-02-12,FIX NOW,0.0
2025-02-13,FIX NOW,0.0
2025-02-14,FIX NOW,0.0
2025-02-18,FIX NOW,0.0
2025-02-19,FIX NOW,0.0
2025-02-20,FIX NOW,0.0
2025-02-21,FIX NOW,0.0
2025-02-24,FIX NOW,0.0
2025-02-25,FIX NOW,0.0
2025-02-26,FIX NOW,0.0
2025-02-27,FIX NOW,0.0
2025-02-28,FIX NOW,0.0
2025-03-03,FIX NOW,0.0
2025-03-04,FIX NOW,0.0
2025-03-05,FIX NOW,0.0
2025-03-06,FIX NOW,0.0
2025-03-07,FIX NOW,0.0
2025-03-10,FIX NOW,0.0
2025-03-11,FIX NOW,0.0
2025-03-12,FIX NOW,0.0
2025-03-13,FIX NOW,0.0
2025-03-14,FIX NOW,0.0
2025-03-17,FIX NOW,0.0
2025-03-18,FIX NOW,0.0
2025-03-19,FIX NOW,0.0
2025-03-20,FIX NOW,0.0
2025-03-21,FIX NOW,0.0
2025-03-24,FIX NOW,0.0
2025-03-25,FIX NOW,0.0
2025-03-26,FIX NOW,0.0
2025-03-27,FIX NOW,0.0
2025-03-28,FIX NOW,0.0
2025-03-31,FIX NOW,0.0
2025-04-01,FIX NOW,0.0
2025-04-02,FIX NOW,0.0
2025-04-03,FIX NOW,0.0
2025-04-04,FIX NOW,0.0
2025-04-07,FIX NOW,0.0
2025-04-08,FIX NOW,0.0
2025-04-09,FIX NOW,0.0
2025-04-10,FIX NOW,0.0
2025-04-11,FIX NOW,0.0
2025-04-14,FIX NOW,0.0
2025-04-15,FIX NOW,0.0
2025-04-16,FIX NOW,0.0
2025-04-17,FIX NOW,0.0
2025-04-21,FIX NOW,0.0
2025-04-22,FIX NOW,0.0
2025-04-23,FIX NOW,0.0
2025-04-24,FIX NOW,0.0
2025-04-25,FIX NOW,0.0
2025-04-28,FIX NOW,0.0
2025-04-29,FIX NOW,0.0
2025-04-30,FIX NOW,0.0
2025-05-01,FIX NOW,0.0
2025-05-02,FIX NOW,0.0
2025-05-05,FIX NOW,0.0
2025-05-06,FIX NOW,0.0
2025-05-07,FIX NOW,0.0
2025-05-08,FIX NOW,0.0
2025-05-09,FIX NOW,0.0
2025-05-12,FIX NOW,0.0
2025-05-13,FIX NOW,0.0
2025-05-14,FIX NOW,0.0
2025-05-15,FIX NOW,0.0
2025-05-16,FIX NOW,0.0
2025-05-19,FIX NOW,0.0
2025-05-20,FIX NOW,0.0
2025-05-21,FIX NOW,0.0
2025-05-22,FIX NOW,0.0
2025-05-23,FIX NOW,0.0
2025-05-27,FIX NOW,0.0
2025-05-28,FIX NOW,0.0
2025-05-29,FIX NOW,0.0
2025-05-30,FIX NOW,0.0
2025-06-02,FIX NOW,0.0
2025-06-03,FIX NOW,0.0
2025-06-04,FIX NOW,0.0
2025-06-05,FIX NOW,0.0
2025-06-06,FIX NOW,0.0
2025-06-09,FIX NOW,0.0
2025-06-10,FIX NOW,0.0
2025-06-11,FIX NOW,0.0
2025-06-12,FIX NOW,0.0
2025-06-13,FIX NOW,0.0
2025-06-16,FIX NOW,0.0
2025-06-17,FIX NOW,0.0
2025-06-18,FIX NOW,0.0
2025-06-20,FIX NOW,0.0
2025-06-23,FIX NOW,0.0
2025-06-24,FIX NOW,0.0
2025-06-25,FIX NOW,0.0
2025-06-26,FIX NOW,0.0
2025-06-27,FIX NOW,0.0
2025-06-30,FIX NOW,0.0
2025-07-01,FIX NOW,0.0
2025-07-02,FIX NOW,0.0
2025-07-03,FIX NOW,0.0
2025-07-07,FIX NOW,0.0
2025-07-08,FIX NOW,0.0
2025-07-09,FIX NOW,0.0
2025-07-10,FIX NOW,0.0
2025-07-11,FIX NOW,0.0
2025-07-14,FIX NOW,0.0
2025-07-15,FIX NOW,0.0
2025-07-16,FIX NOW,0.0
2025-07-17,FIX NOW,0.0
2025-07-18,FIX NOW,0.0
2025-07-21,FIX NOW,0.0
2025-07-22,FIX NOW,0.0
2025-07-23,FIX NOW,0.0
2025-07-24,FIX NOW,0.0
2025-07-25,FIX NOW,0.0
2025-07-28,FIX NOW,0.0
2025-07-29,FIX NOW,0.0
2025-07-30,FIX NOW,0.0
2025-07-31,FIX NOW,0.0
2025-08-01,FIX NOW,0.0
2025-08-04,FIX NOW,0.0
2025-08-05,FIX NOW,0.0
2025-08-06,FIX NOW,0.0
2025-08-07,FIX NOW,0.0
2025-08-08,FIX NOW,0.0
2025-08-11,FIX NOW,0.0
2025-08-12,FIX NOW,0.0
2025-08-13,FIX NOW,0.0
2025-08-14,FIX NOW,0.0
2025-08-15,FIX NOW,0.0
2025-08-18,FIX NOW,0.0
2025-08-19,FIX NOW,0.0
2025-08-20,FIX NOW,0.0
2025-08-21,FIX NOW,0.0
2025-08-22,FIX NOW,0.0
2025-08-25,FIX NOW,0.0
2025-08-26,FIX NOW,0.0
2025-08-27,FIX NOW,0.0
2025-08-28,FIX NOW,0.0
2025-08-29,FIX NOW,0.0
2025-09-02,FIX NOW,0.0
2025-09-03,FIX NOW,0.0
2025-09-04,FIX NOW,0.0
2025-09-05,FIX NOW,0.0
2025-09-08,FIX NOW,0.0
2025-09-09,FIX NOW,0.0
2025-09-10,FIX NOW,0.0
2025-09-11,FIX NOW,0.0
2025-09-12,FIX NOW,0.0
2025-09-15,HOLD,18000.0
2025-09-16,HOLD,30000.0
2025-09-17,HOLD,54000.0
2025-09-18,HOLD,78750.0
2025-09-19,FIX NOW,78750.0
2025-09-22,FIX NOW,78750.0
2025-09-23,HOLD,99000.0
2025-09-24,HOLD,121500.0
2025-09-25,HOLD,147000.0
2025-09-26,FIX NOW,147000.0
2025-09-29,FIX NOW,147000.0
2025-09-30,FIX NOW,147000.0
2025-10-01,FIX NOW,147000.0
2025-10-02,FIX NOW,147000.0
2025-10-03,FIX NOW,147000.0
2025-10-06,FIX NOW,147000.0
2025-10-07,FIX NOW,147000.0
2025-10-08,FIX NOW,147000.0
2025-10-09,FIX NOW,147000.0
2025-10-10,FIX NOW,147000.0
2025-10-13,FIX NOW,147000.0
2025-10-14,FIX NOW,147000.0
2025-10-15,FIX NOW,147000.0
2025-10-16,FIX NOW,147000.0
2025-10-17,FIX NOW,147000.0
2025-10-20,FIX NOW,147000.0
2025-10-21,FIX NOW,147000.0
2025-10-22,FIX NOW,147000.0
2025-10-23,FIX NOW,147000.0
2025-10-24,FIX NOW,147000.0
2025-10-27,FIX NOW,147000.0
2025-10-28,FIX NOW,147000.0
2025-10-29,FIX NOW,147000.0
2025-10-30,FIX NOW,147000.0
2025-10-31,FIX NOW,147000.0
2025-11-03,FIX NOW,147000.0
2025-11-04,FIX NOW,147000.0
2025-11-05,FIX NOW,147000.0
2025-11-06,FIX NOW,147000.0
2025-11-07,FIX NOW,147000.0
2025-11-10,FIX NOW,147000.0
2025-11-11,FIX NOW,147000.0
2025-11-12,FIX NOW,147000.0
2025-11-13,FIX NOW,147000.0
2025-11-14,FIX NOW,147000.0
2025-11-17,FIX NOW,147000.0
2025-11-18,FIX NOW,147000.0
2025-11-19,FIX NOW,147000.0
2025-11-20,FIX NOW,147000.0
2025-11-21,FIX NOW,147000.0
2025-11-24,FIX NOW,147000.0
2025-11-25,HOLD,183750.0
2025-11-26,HOLD,213750.0
2025-11-28,FIX NOW,213750.0
2025-12-01,HOLD,232500.0
2025-12-02,HOLD,249750.0
2025-12-03,HOLD,268500.0
2025-12-04,HOLD,294750.0
2025-12-05,FIX NOW,294750.0
2025-12-08,HOLD,315750.0
2025-12-09,FIX NOW,315750.0
2025-12-10,FIX NOW,315750.0
2025-12-11,FIX NOW,315750.0
2025-12-12,FIX NOW,315750.0
2025-12-15,HOLD,321750.0
2025-12-16,HOLD,298500.0
2025-12-17,FIX NOW,298500.0
2025-12-18,FIX NOW,298500.0
2025-12-19,FIX NOW,298500.0
2025-12-22,FIX NOW,298500.0
2025-12-23,FIX NOW,298500.0
2025-12-24,FIX NOW,298500.0
2025-12-26,FIX NOW,298500.0
2025-12-29,FIX NOW,298500.0
2025-12-30,FIX NOW,298500.0
2025-12-31,FIX NOW,298500.0
2026-01-02,FIX NOW,298500.0
2026-01-05,FIX NOW,298500.0
2026-01-06,FIX NOW,298500.0
2026-01-07,FIX NOW,298500.0
2026-01-08,HOLD,189750.0
2026-01-09,FIX NOW,189750.0
2026-01-12,FIX NOW,189750.0
2026-01-13,FIX NOW,189750.0
2026-01-14,HOLD,132000.0
2026-01-15,HOLD,78750.0
2026-01-16,HOLD,23250.0
2026-01-20,HOLD,-21750.0
2026-01-21,FIX NOW,-21750.0
2026-01-22,FIX NOW,-21750.0
2026-01-23,FIX NOW,-21750.0
2026-01-26,FIX NOW,-21750.0
2026-01-27,FIX NOW,-21750.0
2026-01-28,FIX NOW,-21750.0
2026-01-29,FIX NOW,-21750.0
2026-01-30,FIX NOW,-21750.0
2026-02-02,FIX NOW,-21750.0
2026-02-03,FIX NOW,-21750.0
2026-02-04,FIX NOW,-21750.0
2026-02-05,FIX NOW,-21750.0
2026-02-06,FIX NOW,-21750.0
2026-02-09,FIX NOW,-21750.0
2026-02-10,FIX NOW,-21750.0
2026-02-11,FIX NOW,-21750.0
2026-02-12,FIX NOW,-21750.0
2026-02-13,FIX NOW,-21750.0
2026-02-17,FIX NOW,-21750.0
2026-02-18,FIX NOW,-21750.0
2026-02-19,FIX NOW,-21750.0
2026-02-20,FIX NOW,-21750.0
2026-02-23,FIX NOW,-21750.0
2026-02-24,FIX NOW,-21750.0
2026-02-25,FIX NOW,-21750.0
2026-02-26,FIX NOW,-21750.0
2026-02-27,FIX NOW,-21750.0
2026-03-02,FIX NOW,-21750.0
2026-03-03,FIX NOW,-21750.0
2026-03-04,FIX NOW,-21750.0
2026-03-05,FIX NOW,-21750.0
2026-03-06,FIX NOW,-21750.0
2026-03-09,FIX NOW,-21750.0
2026-03-10,FIX NOW,-21750.0
2026-03-11,FIX NOW,-21750.0
2026-03-12,FIX NOW,-21750.0
2026-03-13,FIX NOW,-21750.0
2026-03-16,FIX NOW,-21750.0
2026-03-17,FIX NOW,-21750.0
2026-03-18,HOLD,33000.0
2026-03-19,FIX NOW,33000.0
2026-03-20,HOLD,45000.0
2026-03-23,FIX NOW,45000.0
2026-03-24,FIX NOW,45000.0
2026-03-25,FIX NOW,45000.0
2026-03-26,FIX NOW,45000.0
2026-03-27,HOLD,61500.0
2026-03-30,HOLD,67500.0
2026-03-31,HOLD,80250.0
2026-04-01,FIX NOW,80250.0
2026-04-02,HOLD,78750.0
2026-04-06,HOLD,40499.99999999988
2026-04-07,HOLD,-1.1641532182693481e-10
2026-04-08,FIX NOW,-1.1641532182693481e-10
2026-04-09,FIX NOW,-1.1641532182693481e-10
2026-04-10,FIX NOW,-1.1641532182693481e-10
2026-04-13,HOLD,-78000.00000000012
2026-04-14,HOLD,-156750.0
2026-04-15,HOLD,-202499.99999999988
2026-04-16,HOLD,-236999.99999999988
2026-04-17,HOLD,-297749.9999999999
2026-04-20,HOLD,-372749.9999999999
2026-04-21,HOLD,-469499.9999999999
2026-04-22,HOLD,-545999.9999999998
2026-04-23,HOLD,-600749.9999999998
2026-04-24,HOLD,-689249.9999999998
2026-04-27,HOLD,-754499.9999999997
2026-04-28,HOLD,-793499.9999999997
2026-04-29,HOLD,-755249.9999999997
2026-04-30,HOLD,-739499.9999999997
2026-05-01,HOLD,-753749.9999999997
2026-05-04,HOLD,-735749.9999999997
2026-05-05,HOLD,-702749.9999999997
2026-05-06,HOLD,-709499.9999999997
2026-05-07,HOLD,-707999.9999999997
2026-05-08,HOLD,-715499.9999999997
2026-05-11,HOLD,-695999.9999999997
2026-05-12,HOLD,-638249.9999999995
2026-05-13,HOLD,-578249.9999999995
2026-05-14,HOLD,-524249.99999999953
2026-05-15,HOLD,-443999.99999999953
2026-05-18,HOLD,-353999.99999999965
2026-05-19,HOLD,-284249.99999999965
2026-05-20,HOLD,-245249.99999999965
2026-05-21,FIX NOW,-245249.99999999965
2026-05-22,HOLD,-149999.99999999965
2026-05-26,FIX NOW,-149999.99999999965
2026-05-27,FIX NOW,-149999.99999999965
2026-05-28,FIX NOW,-149999.99999999965
2026-05-29,FIX NOW,-149999.99999999965
2026-06-01,FIX NOW,-149999.99999999965
2026-06-02,FIX NOW,-149999.99999999965
2026-06-03,FIX NOW,-149999.99999999965
2026-06-04,HOLD,-21749.99999999965
2026-06-05,HOLD,84750.00000000035
2026-06-08,HOLD,177750.00000000035
2026-06-09,HOLD,259500.00000000058
2026-06-10,HOLD,343500.0000000006
2026-06-11,HOLD,395250.00000000047
2026-06-12,FIX NOW,395250.00000000047
2026-06-15,FIX NOW,395250.00000000047
2026-06-16,FIX NOW,395250.00000000047
2026-06-17,FIX NOW,395250.00000000047
2026-06-18,FIX NOW,395250.00000000047
2026-06-22,FIX NOW,395250.00000000047
2026-06-23,FIX NOW,395250.00000000047
2026-06-24,FIX NOW,395250.00000000047
2026-06-25,FIX NOW,395250.00000000047
2026-06-26,FIX NOW,395250.00000000047
2026-06-29,FIX NOW,395250.00000000047
2026-06-30,FIX NOW,395250.00000000047
2026-07-01,FIX NOW,395250.00000000047
2026-07-02,FIX NOW,395250.00000000047
2026-07-06,FIX NOW,395250.00000000047
2026-07-07,FIX NOW,395250.00000000047
2026-07-08,FIX NOW,395250.00000000047
2026-07-09,FIX NOW,395250.00000000047
2026-07-10,FIX NOW,395250.00000000047
2026-07-13,FIX NOW,395250.00000000047
2026-07-14,FIX NOW,395250.00000000047
2026-07-15,FIX NOW,395250.00000000047
2026-07-16,FIX NOW,395250.00000000047
2026-07-17,FIX NOW,395250.00000000047
2026-07-20,FIX NOW,395250.00000000047
2026-07-21,FIX NOW,395250.00000000047
2026-07-22,FIX NOW,395250.00000000047
2026-07-23,HOLD,405000.0000000006
2026-07-24,HOLD,378750.0000000006
2026-07-27,FIX NOW,378750.0000000006
2026-07-28,FIX NOW,378750.0000000006
2026-07-29,FIX NOW,378750.0000000006
2026-07-30,FIX NOW,378750.0000000006
2026-07-31,FIX NOW,378750.0000000006
2026-08-03,FIX NOW,378750.0000000006
2026-08-04,FIX NOW,378750.0000000006
2026-08-05,FIX NOW,378750.0000000006
2026-08-06,FIX NOW,378750.0000000006
2026-08-07,FIX NOW,378750.0000000006
2026-08-10,FIX NOW,378750.0000000006
2026-08-11,FIX NOW,378750.0000000006
2026-08-12,FIX NOW,378750.0000000006
2026-08-13,FIX NOW,378750.0000000006
2026-08-14,FIX NOW,378750.0000000006
